{
    "requireCurlyBraces": [ "if", "else", "for", "while", "do" ],
    "requireSpaceAfterKeywords": [ "if", "else", "for", "while", "do", "switch", "return" ],
    "requireSpacesInFunctionExpression": {
        "beforeOpeningCurlyBrace": true
    },
    "disallowSpacesInFunctionExpression": {
        "beforeOpeningRoundBrace": true
    },
    "requireMultipleVarDecl": true,
    "requireSpacesInsideObjectBrackets": "all",
    "requireSpacesInsideArrayBrackets": "all",
    "disallowLeftStickedOperators": [ "?", "-", "/", "*", "=", "==", "===", "!=", "!==", ">", ">=", "<", "<=" ],
    "disallowRightStickedOperators": [ "?", "/", "*", ":", "=", "==", "===", "!=", "!==", ">", ">=", "<", "<="],
    "requireRightStickedOperators": [ "!" ],
    "requireLeftStickedOperators": [ "," ],
    "disallowKeywords": [ "with" ],
    "disallowMultipleLineBreaks": true,
    "disallowKeywordsOnNewLine": [ "else" ],
    "requireLineFeedAtFileEnd": true,

    "excludeFiles": [ "src/intro.js", "src/outro.js", "src/sizzle/**/*" ]
}
